date,description,amount,account
2026-08-01,Salary Credit,50000,HDFC Savings
2026-08-05,Netflix Subscription,-649,HDFC Card
2026-08-05,Electricity Bill,-1750,HDFC Savings
2026-08-25,Mobile Recharge,-299,HDFC Savings
2026-09-01,Salary Credit,50000,HDFC Savings
2026-09-02,Swiggy Order,-450,HDFC Savings
2026-09-03,Uber Trip,-250,HDFC Savings
2026-09-05,Netflix Subscription,-649,HDFC Card
2026-09-05,Electricity Bill,-1800,HDFC Savings
2026-09-08,Big Bazaar Groceries,-2300,HDFC Card
2026-09-08,Big Bazaar Groceries,-2300,HDFC Card
14/09/2026,Zomato Order,-380,HDFC Savings
2026-09-15,Petrol Pump,-1500,HDFC Card
2026-09-18,Amazon Purchase,-1299,HDFC Card
2026-09-20,Pharmacy,-420,HDFC Savings
2026-09-25,Mobile Recharge,-299,HDFC Savings
